id,name,legalName,website,headquarters,country,yearFounded,contactEmail,contactPhone,keyContactName,keyContactTitle,accreditations,standards,programs,regions,employeeRange,description,summary,confidence_score,confidence_level,sourceUrls,lastUpdated
1,SCS Global Services,SCS Global Services,https://www.scsglobalservices.com,"Emeryville, CA",United States,1984,ghg@scsglobalservices.com,+1 (510) 452-9093,Christie Pollet-Young,GHG Lead,ANAB; CARB; CAR; ACR,ISO 14064; ISO 14065; VCS; CAR; CARB; ACR; Gold Standard,Verra VCS; Gold Standard; CAR; ACR; ISCC; RSB,Global,200+,SCS Global Services is a leading third-party certification and verification body providing GHG validation and verification services across multiple carbon standards worldwide.,"SCS Global Services is a carbon/GHG verification body, headquartered in Emeryville, CA, United States, founded in 1984. Accredited by ANAB, CARB, CAR, ACR. Verifies against ISO 14064, ISO 14065, VCS, CAR, CARB, ACR and 1 more. Active in programs: Verra VCS, Gold Standard, CAR, ACR, ISCC, RSB. Coverage: Global. Size: 200+ employees.",0.975,high,https://www.scsglobalservices.com; https://verra.org,2026-02-24
2,First Environment Inc.,First Environment Inc.,https://www.firstenvironment.com,"Boonton, NJ",United States,1987,,+1 (973) 334-0003,Michael Carim,,ANAB; CARB; CAR,ISO 14064; ISO 14065; CARB Offsets,CAR,North America,50-100,"First Environment is an environmental consulting and GHG verification firm accredited under ANAB and CARB, serving clients across North America.","First Environment Inc. is a carbon/GHG verification body, headquartered in Boonton, NJ, United States, founded in 1987. Accredited by ANAB, CARB, CAR. Verifies against ISO 14064, ISO 14065, CARB Offsets. Active in programs: CAR. Coverage: North America. Size: 50-100 employees.",0.725,medium,https://www.firstenvironment.com,2026-02-24
3,ERM CVS,ERM CVS Ltd.,https://www.erm.com/ermcvs,"London, UK",United Kingdom,1996,post@ermcvs.com,,,,ANAB; UKAS; CARB,ISO 14064; ISO 14065; ISO 17029; VCS; CARB; GHG Protocol; CDP; CSRD,Verra VCS; Gold Standard; ISCC,Global,4500+,"ERM CVS is the certification and verification services arm of ERM Group, providing GHG verification, EU ETS verification, and sustainability assurance across 40+ countries.","ERM CVS (ERM CVS Ltd.) is a carbon/GHG verification body, headquartered in London, UK, United Kingdom, founded in 1996. Accredited by ANAB, UKAS, CARB. Verifies against ISO 14064, ISO 14065, ISO 17029, VCS, CARB, GHG Protocol and 2 more. Active in programs: Verra VCS, Gold Standard, ISCC. Coverage: Global. Size: 4500+ employees.",0.75,high,https://www.erm.com/ermcvs,2026-02-24
4,Cameron-Cole,Cameron-Cole LLC,https://www.cameron-cole.com,"Highlands Ranch, CO",United States,2001,,,,,ANAB; CARB; Oregon DEQ; BC Ministry,ISO 14064; CARB MRR; LCFS,CARB,United States; Canada,51-89,Cameron-Cole provides GHG emissions verification services specializing in CARB mandatory reporting and LCFS pathway verification.,"Cameron-Cole (Cameron-Cole LLC) is a carbon/GHG verification body, headquartered in Highlands Ranch, CO, United States, founded in 2001. Accredited by ANAB, CARB, Oregon DEQ, BC Ministry. Verifies against ISO 14064, CARB MRR, LCFS. Active in programs: CARB. Coverage: United States, Canada. Size: 51-89 employees.",0.625,medium,https://www.cameron-cole.com,2026-02-24
5,AWMS Inc.,AWMS Inc.,https://www.awm.net,"Hixson, TN",United States,1985,,+1 (423) 843-2206,Dr. Richard A. Ellis,Founder,ANAB,ISO 14064; ISO 14001,ANAB,United States,~7,"AWMS Inc. is a small GHG verification body accredited by ANAB, providing ISO 14064 verification services in the United States.","AWMS Inc. is a carbon/GHG verification body, headquartered in Hixson, TN, United States, founded in 1985. Accredited by ANAB. Verifies against ISO 14064, ISO 14001. Active in programs: ANAB. Coverage: United States. Size: ~7 employees.",0.642,medium,https://www.awm.net,2026-02-24
6,Agri-Waste Technology,Agri-Waste Technology Inc.,https://www.agriwaste.com,"Apex, NC",United States,1990,hal@agriwaste.com,+1 (919) 367-6312,Hal Langenbach,,ANAB; CARB; CAR; ACR,ISO 14064; CARB Offsets; CAR; ACR,CAR; ACR,United States,29-39,Agri-Waste Technology provides GHG verification for carbon offset projects under CAR and ACR programs with ANAB and CARB accreditation.,"Agri-Waste Technology (Agri-Waste Technology Inc.) is a carbon/GHG verification body, headquartered in Apex, NC, United States, founded in 1990. Accredited by ANAB, CARB, CAR, ACR. Verifies against ISO 14064, CARB Offsets, CAR, ACR. Active in programs: CAR, ACR. Coverage: United States. Size: 29-39 employees.",0.875,high,https://www.agriwaste.com,2026-02-24
7,EcoEngineers,EcoEngineers,https://www.ecoengineers.us,"Des Moines, IA",United States,2009,,,Brad Pleima,President,ANAB,ISO 14064; ISO 14065; CARB LCFS,CARB LCFS,United States,50-100,EcoEngineers specializes in low carbon fuel standard verification and renewable fuel consulting. Now part of LRQA.,"EcoEngineers is a carbon/GHG verification body, headquartered in Des Moines, IA, United States, founded in 2009. Accredited by ANAB. Verifies against ISO 14064, ISO 14065, CARB LCFS. Active in programs: CARB LCFS. Coverage: United States. Size: 50-100 employees.",0.6,medium,https://www.ecoengineers.us,2026-02-24
8,Aster Global Environmental Solutions,Aster Global Environmental Solutions,https://www.asterglobal.com,"North Lawrence, OH",United States,2019,jmcmahon@AsterGlobal.com,+1 (330) 294-1242,Janice McMahon,,ANAB; CAR; ACR; Verra,ISO 14064; VCS; CARB; CAR,Verra VCS; CAR; ACR,United States,~25,"Aster Global provides carbon offset verification services under Verra VCS, CAR, and ACR. Acquired by SGS in January 2025.","Aster Global Environmental Solutions is a carbon/GHG verification body, headquartered in North Lawrence, OH, United States, founded in 2019. Accredited by ANAB, CAR, ACR, Verra. Verifies against ISO 14064, VCS, CARB, CAR. Active in programs: Verra VCS, CAR, ACR. Coverage: United States. Size: ~25 employees.",0.85,high,https://www.asterglobal.com,2026-02-24
9,S&A Carbon,S&A Carbon LLC,https://www.saacarbon.com,"Portland, OR",United States,2009,,+1 (971) 235-7835,Kyle Silon,Managing Director,ANAB; CARB; CAR,ISO 14064; CARB Offsets; CAR Forest,Verra VCS; CAR,United States,<20,S&A Carbon specializes in forestry carbon offset verification under Verra VCS and CAR programs.,"S&A Carbon (S&A Carbon LLC) is a carbon/GHG verification body, headquartered in Portland, OR, United States, founded in 2009. Accredited by ANAB, CARB, CAR. Verifies against ISO 14064, CARB Offsets, CAR Forest. Active in programs: Verra VCS, CAR. Coverage: United States. Size: <20 employees.",0.85,high,https://www.saacarbon.com,2026-02-24
10,SES Inc.,SES Inc.,https://www.ses-corp.com,"Lenexa, KS",United States,1998,,+1 (913) 307-0046,Patrick Splichal,,ANAB; CARB; CAR; ACR,ISO 14064; CARB; LCFS,CAR; ACR,United States,50-100,"SES Inc. provides environmental consulting and GHG verification services accredited under multiple programs including CARB, CAR, and ACR.","SES Inc. is a carbon/GHG verification body, headquartered in Lenexa, KS, United States, founded in 1998. Accredited by ANAB, CARB, CAR, ACR. Verifies against ISO 14064, CARB, LCFS. Active in programs: CAR, ACR. Coverage: United States. Size: 50-100 employees.",0.775,high,https://www.ses-corp.com,2026-02-24
11,GHD,GHD Limited,https://www.ghd.com,"Irvine, CA",Australia,1928,,+1 (778) 309-2366,Elnaz Senobari Vayghan,,ANAB,ISO 14064; ISO 14065; VCS; CAR,Verra VCS; CAR,Global,11000+,"GHD is a global professional services company providing GHG verification alongside engineering, architecture, and environmental consulting services.","GHD (GHD Limited) is a carbon/GHG verification body, headquartered in Irvine, CA, Australia, founded in 1928. Accredited by ANAB. Verifies against ISO 14064, ISO 14065, VCS, CAR. Active in programs: Verra VCS, CAR. Coverage: Global. Size: 11000+ employees.",0.7,medium,https://www.ghd.com,2026-02-24
12,OmnexFuturepast,OmnexFuturepast,https://www.omnexfuturepast.com,"Ann Arbor, MI",United States,,,+1 (703) 358-9127,Trey Neinast,,ANAB; Gold Standard; CAR,ISO 14064; ISO 14065; ISO 17029,Gold Standard; CAR; ACR,United States; Global,20-50,"OmnexFuturepast provides GHG verification and validation services accredited under ANAB, Gold Standard, and Climate Action Reserve.","OmnexFuturepast is a carbon/GHG verification body, headquartered in Ann Arbor, MI, United States. Accredited by ANAB, Gold Standard, CAR. Verifies against ISO 14064, ISO 14065, ISO 17029. Active in programs: Gold Standard, CAR, ACR. Coverage: United States, Global. Size: 20-50 employees.",0.725,medium,https://www.omnexfuturepast.com,2026-02-24
13,Nova Cert,Nova Cert LLC,https://www.nova-cert.com,"Austin, TX",United States,,raul.mitre@nova-cert.com,+1 (832) 516-3308,Raul G. Mitre,Executive Director,ANAB; Gold Standard; CAR,ISO 14064; VCS; Gold Standard,Verra VCS; Gold Standard; CAR,United States; Mexico; Latin America,20+,"Nova Cert provides GHG verification services for carbon offset projects across the Americas, with accreditation under Verra VCS, Gold Standard, and CAR.","Nova Cert (Nova Cert LLC) is a carbon/GHG verification body, headquartered in Austin, TX, United States. Accredited by ANAB, Gold Standard, CAR. Verifies against ISO 14064, VCS, Gold Standard. Active in programs: Verra VCS, Gold Standard, CAR. Coverage: United States, Mexico, Latin America. Size: 20+ employees.",0.875,high,https://www.nova-cert.com,2026-02-24
14,PricewaterhouseCoopers (PwC),PricewaterhouseCoopers LLP,https://www.pwc.com,"Chicago, IL",United States,1998,,+1 (312) 298-2000,,,ANAB,ISO 14064; GHG Protocol; GRI; TCFD; CSRD; ISSB,Corporate GHG assurance,Global,364000+,PwC is one of the Big Four accounting firms providing corporate GHG emissions assurance and sustainability reporting services across 157 countries.,"PricewaterhouseCoopers (PwC) (PricewaterhouseCoopers LLP) is a carbon/GHG verification body, headquartered in Chicago, IL, United States, founded in 1998. Accredited by ANAB. Verifies against ISO 14064, GHG Protocol, GRI, TCFD, CSRD, ISSB. Active in programs: Corporate GHG assurance. Coverage: Global. Size: 364000+ employees.",0.6,medium,https://www.pwc.com,2026-02-24
15,KPMG Performance Registrar,KPMG Performance Registrar Inc.,https://www.kpmg.com,Canada,Canada,,,,,,ANAB,ISO 14064; ISO 14067; GHG Protocol; CSRD; ISSB,Corporate GHG assurance,United States; Canada; Global,265000+,KPMG Performance Registrar provides GHG verification and corporate sustainability assurance services as part of the KPMG network.,"KPMG Performance Registrar (KPMG Performance Registrar Inc.) is a carbon/GHG verification body, headquartered in Canada. Accredited by ANAB. Verifies against ISO 14064, ISO 14067, GHG Protocol, CSRD, ISSB. Active in programs: Corporate GHG assurance. Coverage: United States, Canada, Global. Size: 265000+ employees.",0.475,low,https://www.kpmg.com,2026-02-24
16,Trinity Consultants,Trinity Consultants Inc.,https://www.trinityconsultants.com,"Dallas, TX",United States,1974,,+1 (949) 567-9880,Charles C. Lee,,CARB; ANAB,CARB MRR; ISO 14064; CDP,CARB; CDP,Global,2000+,Trinity Consultants is an environmental consulting firm providing CARB mandatory reporting verification and CDP verification services from 100+ offices globally.,"Trinity Consultants (Trinity Consultants Inc.) is a carbon/GHG verification body, headquartered in Dallas, TX, United States, founded in 1974. Accredited by CARB, ANAB. Verifies against CARB MRR, ISO 14064, CDP. Active in programs: CARB, CDP. Coverage: Global. Size: 2000+ employees.",0.8,high,https://www.trinityconsultants.com,2026-02-24
17,Apex Companies,Apex Companies LLC,https://www.apexcos.com,"Rockville, MD",United States,1988,,+1 (301) 417-0200,Trevor Donaghu,,CARB; CDP,ISO 14064; GHG Protocol; CDP; GRI; SASB,CARB; CDP,United States,1385-1428,Apex Companies provides environmental and sustainability services including GHG verification under CARB and CDP programs.,"Apex Companies (Apex Companies LLC) is a carbon/GHG verification body, headquartered in Rockville, MD, United States, founded in 1988. Accredited by CARB, CDP. Verifies against ISO 14064, GHG Protocol, CDP, GRI, SASB. Active in programs: CARB, CDP. Coverage: United States. Size: 1385-1428 employees.",0.8,high,https://www.apexcos.com,2026-02-24
18,Tetra Tech,Tetra Tech Inc.,https://www.tetratech.com,"Pasadena, CA",United States,1966,,+1 (626) 470-2105,Eddy Huang,,CARB; SCC,ISO 14064; CARB MRR,CARB,Global,25000,Tetra Tech is a global consulting and engineering firm providing CARB mandatory reporting verification and GHG consulting from 500 offices worldwide.,"Tetra Tech (Tetra Tech Inc.) is a carbon/GHG verification body, headquartered in Pasadena, CA, United States, founded in 1966. Accredited by CARB, SCC. Verifies against ISO 14064, CARB MRR. Active in programs: CARB. Coverage: Global. Size: 25000 employees.",0.717,medium,https://www.tetratech.com,2026-02-24
19,Yorke Engineering,Yorke Engineering LLC,https://www.yorkeengr.com,"San Juan Capistrano, CA",United States,,info@YorkeEngr.com,+1 (949) 248-8490,Carla Jo Prasetyo,,CARB; Oregon DEQ; Washington State,CARB MRR; Oregon GHG; Washington GHG,CARB,California; Oregon; Washington,20-50,"Yorke Engineering provides GHG emissions verification services for mandatory reporting programs in California, Oregon, and Washington.","Yorke Engineering (Yorke Engineering LLC) is a carbon/GHG verification body, headquartered in San Juan Capistrano, CA, United States. Accredited by CARB, Oregon DEQ, Washington State. Verifies against CARB MRR, Oregon GHG, Washington GHG. Active in programs: CARB. Coverage: California, Oregon, Washington. Size: 20-50 employees.",0.775,high,https://www.yorkeengr.com,2026-02-24
20,Rincon Consultants,Rincon Consultants Inc.,https://www.rinconconsultants.com,"Ventura, CA",United States,,,+1 (805) 644-4455,,,CARB,CARB MRR; CARB LCFS,CARB,California,~492,Rincon Consultants provides environmental planning and GHG verification services for CARB mandatory reporting and LCFS in California.,"Rincon Consultants (Rincon Consultants Inc.) is a carbon/GHG verification body, headquartered in Ventura, CA, United States. Accredited by CARB. Verifies against CARB MRR, CARB LCFS. Active in programs: CARB. Coverage: California. Size: ~492 employees.",0.517,medium,https://www.rinconconsultants.com,2026-02-24
21,Ashworth Leininger Group (ALG),Ashworth Leininger Group,https://www.algcorp.com,"Los Angeles, CA",United States,,,+1 (805) 764-6003,Michael Waller,,CARB; Oregon DEQ; Washington State,CARB MRR; LCFS,CARB,California; Oregon; Washington,25+,ALG provides GHG emissions verification for mandatory reporting programs across the US West Coast states.,"Ashworth Leininger Group (ALG) (Ashworth Leininger Group) is a carbon/GHG verification body, headquartered in Los Angeles, CA, United States. Accredited by CARB, Oregon DEQ, Washington State. Verifies against CARB MRR, LCFS. Active in programs: CARB. Coverage: California, Oregon, Washington. Size: 25+ employees.",0.667,medium,https://www.algcorp.com,2026-02-24
22,Locus Technologies,Locus Technologies,https://www.locustec.com,"Mountain View, CA",United States,1997,,,,,CARB; Oregon DEQ; Washington State,CARB MRR; LCFS,CARB,California; Oregon; Washington,50-100,Locus Technologies provides environmental information management and GHG verification services for mandatory reporting programs.,"Locus Technologies is a carbon/GHG verification body, headquartered in Mountain View, CA, United States, founded in 1997. Accredited by CARB, Oregon DEQ, Washington State. Verifies against CARB MRR, LCFS. Active in programs: CARB. Coverage: California, Oregon, Washington. Size: 50-100 employees.",0.567,medium,https://www.locustec.com,2026-02-24
23,Stantec Consulting,Stantec Consulting Ltd.,https://www.stantec.com,"Edmonton, Alberta",Canada,1954,,,,,ANAB,ISO 14064; ISO 14065,Corporate GHG,Global,31000,Stantec is a global design and consulting firm providing GHG verification and environmental consulting services.,"Stantec Consulting (Stantec Consulting Ltd.) is a carbon/GHG verification body, headquartered in Edmonton, Alberta, Canada, founded in 1954. Accredited by ANAB. Verifies against ISO 14064, ISO 14065. Active in programs: Corporate GHG. Coverage: Global. Size: 31000 employees.",0.492,low,https://www.stantec.com,2026-02-24
24,Bureau Veritas,Bureau Veritas SA,https://www.bureauveritas.com,"Neuilly-sur-Seine, France",France,1828,,+33 (0)1 42 91 52 91,,,COFRAC; UKAS; DAkkS; ENAC; ACCREDIA,ISO 14064; ISO 14067; EU ETS; CORSIA; MMRV,EU ETS; CORSIA; Verra VCS; Gold Standard,Global,79000,"Bureau Veritas is a world-leading testing, inspection and certification company providing GHG verification across 140 countries with accreditations from 40+ national bodies.","Bureau Veritas (Bureau Veritas SA) is a carbon/GHG verification body, headquartered in Neuilly-sur-Seine, France, founded in 1828. Accredited by COFRAC, UKAS, DAkkS, ENAC, ACCREDIA. Verifies against ISO 14064, ISO 14067, EU ETS, CORSIA, MMRV. Active in programs: EU ETS, CORSIA, Verra VCS, Gold Standard. Coverage: Global. Size: 79000 employees.",0.75,high,https://www.bureauveritas.com,2026-02-24
25,SGS,SGS SA,https://www.sgs.com,"Geneva, Switzerland",Switzerland,1878,,+41 22 739 91 11,,,UKAS; DAkkS; COFRAC; ACCREDIA; ENAC; SAS,ISO 14064; ISO 14067; EU ETS; CORSIA; VCS; PAS 2050,Verra VCS; EU ETS; CORSIA; ISCC; RSB,Global,99250,"SGS is the world's leading testing, inspection and certification company providing GHG verification services across 119 countries with 30+ national accreditations.","SGS (SGS SA) is a carbon/GHG verification body, headquartered in Geneva, Switzerland, founded in 1878. Accredited by UKAS, DAkkS, COFRAC, ACCREDIA, ENAC, SAS. Verifies against ISO 14064, ISO 14067, EU ETS, CORSIA, VCS, PAS 2050. Active in programs: Verra VCS, EU ETS, CORSIA, ISCC, RSB. Coverage: Global. Size: 99250 employees.",0.75,high,https://www.sgs.com,2026-02-24
26,DNV,DNV AS,https://www.dnv.com,"Hovik, Norway",Norway,1864,,+47 6757 9900,,,Multiple EU NABs; NABCB; RvA; UKAS,ISO 14064; EU ETS; CORSIA; VCS; Gold Standard,Verra VCS; Gold Standard; EU ETS; CORSIA; ISCC,Global,15000,"DNV is a global assurance and risk management company providing GHG verification, EU ETS verification, and carbon market services across 100 countries.","DNV (DNV AS) is a carbon/GHG verification body, headquartered in Hovik, Norway, founded in 1864. Accredited by Multiple EU NABs, NABCB, RvA, UKAS. Verifies against ISO 14064, EU ETS, CORSIA, VCS, Gold Standard. Active in programs: Verra VCS, Gold Standard, EU ETS, CORSIA, ISCC. Coverage: Global. Size: 15000 employees.",0.75,high,https://www.dnv.com,2026-02-24
27,LRQA,LRQA Ltd.,https://www.lrqa.com,"Solihull, UK",United Kingdom,1985,,,,,UKAS; CARB; ANAB,ISO 14064; ISO 14067; EU ETS; UK ETS; CORSIA; SBTi,EU ETS; UK ETS; CORSIA; RSB,Global,5000,"LRQA (formerly Lloyd's Register Quality Assurance) provides GHG verification, EU/UK ETS verification, and sustainability assurance across 120 countries with 50+ accreditations.","LRQA (LRQA Ltd.) is a carbon/GHG verification body, headquartered in Solihull, UK, United Kingdom, founded in 1985. Accredited by UKAS, CARB, ANAB. Verifies against ISO 14064, ISO 14067, EU ETS, UK ETS, CORSIA, SBTi. Active in programs: EU ETS, UK ETS, CORSIA, RSB. Coverage: Global. Size: 5000 employees.",0.675,medium,https://www.lrqa.com,2026-02-24
28,TUV SUD,TUV SUD AG,https://www.tuvsud.com,"Munich, Germany",Germany,1866,,+49 (0)89 5791-0,,,DAkkS; ANAB; Multiple EU NABs,ISO 14064; ISO 14067; EU ETS; GHG Protocol,Verra VCS; Gold Standard; CAR; EU ETS; ISCC; RSB,Global,25000+,"TUV SUD is a German technical services provider offering GHG verification, EU ETS verification, and carbon offset validation across multiple standards.","TUV SUD (TUV SUD AG) is a carbon/GHG verification body, headquartered in Munich, Germany, founded in 1866. Accredited by DAkkS, ANAB, Multiple EU NABs. Verifies against ISO 14064, ISO 14067, EU ETS, GHG Protocol. Active in programs: Verra VCS, Gold Standard, CAR, EU ETS, ISCC, RSB. Coverage: Global. Size: 25000+ employees.",0.75,high,https://www.tuvsud.com,2026-02-24
29,TUV NORD CERT,TUV NORD CERT GmbH,https://www.tuev-nord.de,"Essen, Germany",Germany,1869,,+49 (0) 201-825-2812,,,DAkkS; UNFCCC,ISO 14064; EU ETS; CDM,EU ETS; CDM; ISCC,Global,15000,"TUV NORD CERT provides GHG verification, EU ETS verification, and CDM validation/verification services across 100 countries.","TUV NORD CERT (TUV NORD CERT GmbH) is a carbon/GHG verification body, headquartered in Essen, Germany, founded in 1869. Accredited by DAkkS, UNFCCC. Verifies against ISO 14064, EU ETS, CDM. Active in programs: EU ETS, CDM, ISCC. Coverage: Global. Size: 15000 employees.",0.75,high,https://www.tuev-nord.de,2026-02-24
30,TUV Rheinland,TUV Rheinland AG,https://www.tuv.com,"Cologne, Germany",Germany,1872,,+49 221 806-119,,,DAkkS; ANAB; Multiple NABs,ISO 14064; ISO 14067; EU ETS; CORSIA; SBTi,Verra VCS; EU ETS; CORSIA; ISCC,Global,19700,"TUV Rheinland is an international testing, inspection, and certification services company providing GHG verification and EU ETS services globally.","TUV Rheinland (TUV Rheinland AG) is a carbon/GHG verification body, headquartered in Cologne, Germany, founded in 1872. Accredited by DAkkS, ANAB, Multiple NABs. Verifies against ISO 14064, ISO 14067, EU ETS, CORSIA, SBTi. Active in programs: Verra VCS, EU ETS, CORSIA, ISCC. Coverage: Global. Size: 19700 employees.",0.75,high,https://www.tuv.com,2026-02-24
31,Intertek,Intertek Group plc,https://www.intertek.com,"London, UK",United Kingdom,1885,,,,,UKAS; ANAB; Multiple EU NABs,ISO 14064; EU ETS; GHG Protocol; ISAE 3000,EU ETS; ISCC,Global,44000,"Intertek is a multinational assurance, inspection, and certification company providing GHG verification and EU ETS services across 100 countries.","Intertek (Intertek Group plc) is a carbon/GHG verification body, headquartered in London, UK, United Kingdom, founded in 1885. Accredited by UKAS, ANAB, Multiple EU NABs. Verifies against ISO 14064, EU ETS, GHG Protocol, ISAE 3000. Active in programs: EU ETS, ISCC. Coverage: Global. Size: 44000 employees.",0.675,medium,https://www.intertek.com,2026-02-24
32,RINA,RINA S.p.A.,https://www.rina.org,"Genoa, Italy",Italy,1861,ghg.services@rina.org,+39 010 5385730,,,ACCREDIA; UNFCCC DOE; Verra; Gold Standard,ISO 14064; EU ETS; CORSIA; CBAM; VCS,Verra VCS; Gold Standard; EU ETS; CORSIA; ISCC,Global,6600,"RINA is an Italian multinational inspection, certification and engineering consultancy providing GHG verification across 70 countries.","RINA (RINA S.p.A.) is a carbon/GHG verification body, headquartered in Genoa, Italy, founded in 1861. Accredited by ACCREDIA, UNFCCC DOE, Verra, Gold Standard. Verifies against ISO 14064, EU ETS, CORSIA, CBAM, VCS. Active in programs: Verra VCS, Gold Standard, EU ETS, CORSIA, ISCC. Coverage: Global. Size: 6600 employees.",0.825,high,https://www.rina.org,2026-02-24
33,Kiwa,Kiwa N.V.,https://www.kiwa.com,"Rijswijk, Netherlands",Netherlands,1948,,+31 (0)88 9984400,,,RvA; UKAS; Multiple EU NABs,ISO 14064; UK ETS; CCA,UK ETS,Global,10000+,"Kiwa is a Dutch testing, inspection and certification company providing GHG verification and UK ETS services across 35 countries.","Kiwa (Kiwa N.V.) is a carbon/GHG verification body, headquartered in Rijswijk, Netherlands, founded in 1948. Accredited by RvA, UKAS, Multiple EU NABs. Verifies against ISO 14064, UK ETS, CCA. Active in programs: UK ETS. Coverage: Global. Size: 10000+ employees.",0.7,medium,https://www.kiwa.com,2026-02-24
34,Control Union,Control Union,https://www.controlunion.com,"Rotterdam, Netherlands",Netherlands,1920,carbonservices@controlunion.com,,,,ISO 14065; Multiple EU NABs,ISO 14064; VCS; Plan Vivo; PAS 2060; EU ETS,Verra VCS; Gold Standard; ISCC; RSB,Global,1000-5000,Control Union provides sustainability certification and GHG verification services across carbon markets and bioenergy certification in 80 countries.,"Control Union is a carbon/GHG verification body, headquartered in Rotterdam, Netherlands, founded in 1920. Accredited by ISO 14065, Multiple EU NABs. Verifies against ISO 14064, VCS, Plan Vivo, PAS 2060, EU ETS. Active in programs: Verra VCS, Gold Standard, ISCC, RSB. Coverage: Global. Size: 1000-5000 employees.",0.725,medium,https://www.controlunion.com,2026-02-24
35,GUTcert,GUTcert GmbH,https://www.gut-cert.de,"Berlin, Germany",Germany,1997,tatiana.aleksandrova@gut-cert.de,+49 30 2332021-0,,,DAkkS; EMAS,ISO 14064; ISO 14067; EU ETS; GHG Protocol,EU ETS; ISCC,Europe,120,"GUTcert is a Berlin-based certification body specializing in EU ETS verification, GHG verification, and sustainability certification in Europe.","GUTcert (GUTcert GmbH) is a carbon/GHG verification body, headquartered in Berlin, Germany, founded in 1997. Accredited by DAkkS, EMAS. Verifies against ISO 14064, ISO 14067, EU ETS, GHG Protocol. Active in programs: EU ETS, ISCC. Coverage: Europe. Size: 120 employees.",0.825,high,https://www.gut-cert.de,2026-02-24
36,DEKRA Certification,DEKRA Certification GmbH,https://www.dekra.com,"Stuttgart, Germany",Germany,1925,info@dekra.com,+49 711 7861-0,,,DAkkS; ICR,ISO 14064; ISO 14067; GHG Protocol,ISCC; ICR,Global,48000,DEKRA is a global expert organization providing GHG verification and sustainability certification services across 60 countries.,"DEKRA Certification (DEKRA Certification GmbH) is a carbon/GHG verification body, headquartered in Stuttgart, Germany, founded in 1925. Accredited by DAkkS, ICR. Verifies against ISO 14064, ISO 14067, GHG Protocol. Active in programs: ISCC, ICR. Coverage: Global. Size: 48000 employees.",0.825,high,https://www.dekra.com,2026-02-24
37,DQS,DQS GmbH,https://www.dqsglobal.com,"Frankfurt, Germany",Germany,1985,,+49 69 9 54 27 0,,,DAkkS; Multiple NABs,ISO 14064; ISO 14067; EU ETS,EU ETS; ISCC,Global,200+,"DQS is a German certification body providing management system certification, GHG verification, and EU ETS services globally.","DQS (DQS GmbH) is a carbon/GHG verification body, headquartered in Frankfurt, Germany, founded in 1985. Accredited by DAkkS, Multiple NABs. Verifies against ISO 14064, ISO 14067, EU ETS. Active in programs: EU ETS, ISCC. Coverage: Global. Size: 200+ employees.",0.75,high,https://www.dqsglobal.com,2026-02-24
38,KPMG CERT,KPMG CERT GmbH,https://hub.kpmg.de,"Cologne, Germany",Germany,,,+49 221 2073-1137,,,DAkkS; EMAS,ISO 14064; ISO 14067; GHG Protocol; CSRD,CSRD; EU ETS,Germany; Global,12000,"KPMG CERT is the German certification body of the KPMG network providing EU ETS verification, CSRD assurance, and GHG verification services.","KPMG CERT (KPMG CERT GmbH) is a carbon/GHG verification body, headquartered in Cologne, Germany. Accredited by DAkkS, EMAS. Verifies against ISO 14064, ISO 14067, GHG Protocol, CSRD. Active in programs: CSRD, EU ETS. Coverage: Germany, Global. Size: 12000 employees.",0.7,medium,https://hub.kpmg.de,2026-02-24
39,Normec Verifavia,Normec Verifavia SAS,https://www.normecverifavia.com,"Courbevoie, France",France,,contact@normecverifavia.com,+33 1 43 22 71 94,,,COFRAC; UKAS; SAC,ISO 14064; ISO 14067; EU ETS; CORSIA; Maritime MRV,EU ETS; CORSIA,Global,,"Normec Verifavia is a specialist verification body focused on transport sector emissions including aviation CORSIA, maritime MRV, and EU ETS verification.","Normec Verifavia (Normec Verifavia SAS) is a carbon/GHG verification body, headquartered in Courbevoie, France. Accredited by COFRAC, UKAS, SAC. Verifies against ISO 14064, ISO 14067, EU ETS, CORSIA, Maritime MRV. Active in programs: EU ETS, CORSIA. Coverage: Global.",0.725,medium,https://www.normecverifavia.com,2026-02-24
40,NQA Global,NQA Global,https://www.nqa.com,"Dunstable, UK",United Kingdom,1988,,+44 (0)800 052 2424,,,UKAS,ISO 14064; ISO 14068,ISO 14064 verification,Global,,NQA is a global certification body accredited by UKAS providing ISO 14064 GHG verification and ISO 14068 carbon neutrality certification across 90 countries.,"NQA Global is a carbon/GHG verification body, headquartered in Dunstable, UK, United Kingdom, founded in 1988. Accredited by UKAS. Verifies against ISO 14064, ISO 14068. Active in programs: ISO 14064 verification. Coverage: Global.",0.492,low,https://www.nqa.com,2026-02-24
41,Interface NRM,Interface NRM,https://www.interface-nrm.co.uk,"Telford, UK",United Kingdom,2016,,,,,UKAS,ISO 14064,ISO 14064,United Kingdom,,Interface NRM is a UKAS-accredited verification body providing ISO 14064 GHG verification services in the UK.,"Interface NRM is a carbon/GHG verification body, headquartered in Telford, UK, United Kingdom, founded in 2016. Accredited by UKAS. Verifies against ISO 14064. Active in programs: ISO 14064. Coverage: United Kingdom.",0.383,low,https://www.interface-nrm.co.uk,2026-02-24
42,Carbonology,Carbonology,https://www.carbonologyverification.com,"London, UK",United Kingdom,2006,,+44 (0)2071 547926,,,UKAS; CDP,ISO 14064; ISO 14067; ISO 14068,CDP,United Kingdom; Global,,Carbonology is a UKAS-accredited verification body specializing in GHG verification and CDP verification services.,"Carbonology is a carbon/GHG verification body, headquartered in London, UK, United Kingdom, founded in 2006. Accredited by UKAS, CDP. Verifies against ISO 14064, ISO 14067, ISO 14068. Active in programs: CDP. Coverage: United Kingdom, Global.",0.625,medium,https://www.carbonologyverification.com,2026-02-24
43,BSI Group,BSI Group,https://www.bsigroup.com,"Milton Keynes, UK",United Kingdom,1901,,,,,UKAS; ANAB; Multiple global NABs,ISO 14064; PAS 2050; PAS 2080,PAS certification,Global,5000,BSI is the UK national standards body and a leading certification provider offering GHG verification and PAS carbon footprint certification across 195 countries.,"BSI Group is a carbon/GHG verification body, headquartered in Milton Keynes, UK, United Kingdom, founded in 1901. Accredited by UKAS, ANAB, Multiple global NABs. Verifies against ISO 14064, PAS 2050, PAS 2080. Active in programs: PAS certification. Coverage: Global. Size: 5000 employees.",0.6,medium,https://www.bsigroup.com,2026-02-24
44,The Carbon Trust,The Carbon Trust,https://www.carbontrust.com,"London, UK",United Kingdom,2001,,,,,UKAS; CDP,PAS 2050; PAS 2080; ISO 14064; ISO 14067,Carbon Trust certification; CDP,Global,,"The Carbon Trust is an independent expert organization providing carbon footprint certification, GHG verification, and sustainability advisory services.","The Carbon Trust is a carbon/GHG verification body, headquartered in London, UK, United Kingdom, founded in 2001. Accredited by UKAS, CDP. Verifies against PAS 2050, PAS 2080, ISO 14064, ISO 14067. Active in programs: Carbon Trust certification, CDP. Coverage: Global.",0.6,medium,https://www.carbontrust.com,2026-02-24
45,Certiquality,Certiquality S.r.l.,https://www.certiquality.it,"Milan, Italy",Italy,1989,certiquality@certiquality.it,+39 02 806917.1,,,ACCREDIA,ISO 14064; EU ETS,EU ETS; ISCC,Italy; Global,201-500,Certiquality is an Italian certification body accredited by ACCREDIA providing EU ETS verification and GHG verification services.,"Certiquality (Certiquality S.r.l.) is a carbon/GHG verification body, headquartered in Milan, Italy, founded in 1989. Accredited by ACCREDIA. Verifies against ISO 14064, EU ETS. Active in programs: EU ETS, ISCC. Coverage: Italy, Global. Size: 201-500 employees.",0.692,medium,https://www.certiquality.it,2026-02-24
46,CSQA Certificazioni,CSQA Certificazioni S.r.l.,https://www.csqa.it,"Thiene, Italy",Italy,,csqa@csqa.it,+39 0445 313011,,,ACCREDIA; ANAB,ISO 14064; ISO 14067,ISCC,Italy; Global,,CSQA is an Italian certification body providing GHG verification and sustainability certification services.,"CSQA Certificazioni (CSQA Certificazioni S.r.l.) is a carbon/GHG verification body, headquartered in Thiene, Italy. Accredited by ACCREDIA, ANAB. Verifies against ISO 14064, ISO 14067. Active in programs: ISCC. Coverage: Italy, Global.",0.642,medium,https://www.csqa.it,2026-02-24
47,AENOR,AENOR Internacional S.A.U.,https://en.aenor.com,"Madrid, Spain",Spain,1986,info@aenor.com,+34 914 326 000,,,ENAC,ISO 14064; ISO 14067; EU ETS,EU ETS; Verra VCS; Gold Standard,Global,500-1000,"AENOR is the Spanish standardization and certification body providing GHG verification, EU ETS verification, and carbon offset validation across 87 countries.","AENOR (AENOR Internacional S.A.U.) is a carbon/GHG verification body, headquartered in Madrid, Spain, founded in 1986. Accredited by ENAC. Verifies against ISO 14064, ISO 14067, EU ETS. Active in programs: EU ETS, Verra VCS, Gold Standard. Coverage: Global. Size: 500-1000 employees.",0.725,medium,https://en.aenor.com,2026-02-24
48,Applus+ Certification (LGAI),Applus+ Certification,https://www.appluscertification.com,"Barcelona, Spain",Spain,,carla.debat@applus.com,+34 93 567 20 08,,,ENAC; UNFCCC DOE; GCC,ISO 14064; ISO 14067; EU ETS; CDM; VCS,Verra VCS; Gold Standard; EU ETS; CDM,Europe; Latin America,,"Applus+ Certification provides GHG verification, EU ETS verification, and CDM validation/verification services across Europe and Latin America.","Applus+ Certification (LGAI) (Applus+ Certification) is a carbon/GHG verification body, headquartered in Barcelona, Spain. Accredited by ENAC, UNFCCC DOE, GCC. Verifies against ISO 14064, ISO 14067, EU ETS, CDM, VCS. Active in programs: Verra VCS, Gold Standard, EU ETS, CDM. Coverage: Europe, Latin America.",0.725,medium,https://www.appluscertification.com,2026-02-24
49,Eurocert,Eurocert S.A.,https://www.eurocert.group,"Athens, Greece",Greece,,info@eurocert.gr,+30 2106252495,Nikos Sifakis,Vice Certification Director,ESYD; UKAS; SAAS,ISO 14064; EU ETS; EMAS,EU ETS; ISCC,Global,500+,"Eurocert is a Greek certification body providing EU ETS verification, GHG verification, and sustainability certification across 20+ countries.","Eurocert (Eurocert S.A.) is a carbon/GHG verification body, headquartered in Athens, Greece. Accredited by ESYD, UKAS, SAAS. Verifies against ISO 14064, EU ETS, EMAS. Active in programs: EU ETS, ISCC. Coverage: Global. Size: 500+ employees.",0.875,high,https://www.eurocert.group,2026-02-24
50,Vincotte,Vincotte NV,https://www.vincotte.be,"Vilvoorde, Belgium",Belgium,,,+32 2 674 57 11,,,BELAC,ISO 14064; ISO 17029,ISO 17029,Belgium; Global,,"Vincotte is a Belgian inspection and certification body, the first to receive BELAC accreditation for ISO 17029, providing GHG verification services.","Vincotte (Vincotte NV) is a carbon/GHG verification body, headquartered in Vilvoorde, Belgium. Accredited by BELAC. Verifies against ISO 14064, ISO 17029. Active in programs: ISO 17029. Coverage: Belgium, Global.",0.467,low,https://www.vincotte.be,2026-02-24
51,Carbon Check,Carbon Check (India) Pvt. Ltd.,https://www.carboncheck.co.in,"Noida, India",India,,info@carboncheck.co.in,+91 95990 69092,,,UNFCCC CDM DOE; NABCB,VCS; Gold Standard; Plan Vivo; JCM; CDM; Article 6.4,Verra VCS; Gold Standard; Plan Vivo; CDM,Global,,"Carbon Check is an Indian verification body accredited as a UNFCCC CDM DOE, providing GHG verification across multiple voluntary and compliance carbon standards in 100+ countries.","Carbon Check (Carbon Check (India) Pvt. Ltd.) is a carbon/GHG verification body, headquartered in Noida, India. Accredited by UNFCCC CDM DOE, NABCB. Verifies against VCS, Gold Standard, Plan Vivo, JCM, CDM, Article 6.4. Active in programs: Verra VCS, Gold Standard, Plan Vivo, CDM. Coverage: Global.",0.725,medium,https://www.carboncheck.co.in,2026-02-24
52,KBS Certification Services,KBS Certification Services Ltd.,https://www.kbscs.in,India,India,,,,,,VCS; Gold Standard,VCS; Gold Standard,Verra VCS; Gold Standard,Asia,,KBS Certification Services is an Indian verification body providing Verra VCS and Gold Standard validation and verification services in Asia.,"KBS Certification Services (KBS Certification Services Ltd.) is a carbon/GHG verification body, headquartered in India. Accredited by VCS, Gold Standard. Verifies against VCS, Gold Standard. Active in programs: Verra VCS, Gold Standard. Coverage: Asia.",0.542,medium,https://www.kbscs.in,2026-02-24
53,Earthood Services,Earthood Services Ltd.,https://www.earthood.com,India,India,,,+91 8826459006,,,ANAB; GAB,VCS; Gold Standard; ACR; Puro.earth; Social Carbon,Verra VCS; Gold Standard; ACR; Puro.earth; ICR; Social Carbon,Global,,"Earthood is a global GHG verification body with offices in UAE, Turkey, Brazil, China, and UK, providing verification across multiple carbon standards.","Earthood Services (Earthood Services Ltd.) is a carbon/GHG verification body, headquartered in India. Accredited by ANAB, GAB. Verifies against VCS, Gold Standard, ACR, Puro.earth, Social Carbon. Active in programs: Verra VCS, Gold Standard, ACR, Puro.earth, ICR, Social Carbon. Coverage: Global.",0.65,medium,https://www.earthood.com,2026-02-24
54,EPIC Sustainability Services,EPIC Sustainability Services Pvt. Ltd.,https://www.epicsustainability.com,"Bengaluru, India",India,,,,,,ANAB,VCS; Gold Standard,Verra VCS; Gold Standard,Asia; Global,,EPIC Sustainability Services is an Indian verification body providing Verra VCS and Gold Standard carbon offset validation and verification.,"EPIC Sustainability Services (EPIC Sustainability Services Pvt. Ltd.) is a carbon/GHG verification body, headquartered in Bengaluru, India. Accredited by ANAB. Verifies against VCS, Gold Standard. Active in programs: Verra VCS, Gold Standard. Coverage: Asia, Global.",0.442,low,https://www.epicsustainability.com,2026-02-24
55,4K Earth Science,4K Earth Science Pvt. Ltd.,,India,India,,,,,,ANAB,VCS; CDM,Verra VCS,India,,4K Earth Science is an Indian GHG verification body accredited by ANAB for Verra VCS and CDM projects.,"4K Earth Science (4K Earth Science Pvt. Ltd.) is a carbon/GHG verification body, headquartered in India. Accredited by ANAB. Verifies against VCS, CDM. Active in programs: Verra VCS. Coverage: India.",0.317,low,,2026-02-24
56,VKU Certification,VKU Certification Pvt. Ltd.,https://www.vkucertification.com,India,India,,,,,,ANAB,VCS; Gold Standard,Verra VCS; Gold Standard,India,,VKU Certification is an Indian verification body providing Verra VCS and Gold Standard validation and verification services.,"VKU Certification (VKU Certification Pvt. Ltd.) is a carbon/GHG verification body, headquartered in India. Accredited by ANAB. Verifies against VCS, Gold Standard. Active in programs: Verra VCS, Gold Standard. Coverage: India.",0.442,low,https://www.vkucertification.com,2026-02-24
57,EcoLance,EcoLance Pvt. Ltd.,https://www.ecolance.net,India,India,,,,,,Verra; Gold Standard,VCS; Gold Standard,Verra VCS; Gold Standard,India,,EcoLance is an Indian verification body providing Verra VCS and Gold Standard carbon offset validation and verification services.,"EcoLance (EcoLance Pvt. Ltd.) is a carbon/GHG verification body, headquartered in India. Accredited by Verra, Gold Standard. Verifies against VCS, Gold Standard. Active in programs: Verra VCS, Gold Standard. Coverage: India.",0.542,medium,https://www.ecolance.net,2026-02-24
58,Enviance Services,Enviance Services Pvt. Ltd.,,India,India,,,,,,Gold Standard,Gold Standard,Gold Standard,India,,Enviance Services is an Indian verification body accredited for Gold Standard carbon offset validation and verification.,"Enviance Services (Enviance Services Pvt. Ltd.) is a carbon/GHG verification body, headquartered in India. Accredited by Gold Standard. Verifies against Gold Standard. Active in programs: Gold Standard. Coverage: India.",0.283,low,,2026-02-24
59,SustainCERT,SustainCERT S.A.,https://www.sustain-cert.com,Luxembourg,Luxembourg,2018,compliance@sustainCERT.com,,,,ANAB; JCM; GCC; ICR,ISO 14064; ISO 14067; VCS; Gold Standard,Verra VCS; Gold Standard; JCM; GCC; ICR; Cercarbono; Article 6.4,Global,89,SustainCERT is a digital verification and certification body for climate action providing services across multiple carbon market standards and Article 6 mechanisms.,"SustainCERT (SustainCERT S.A.) is a carbon/GHG verification body, headquartered in Luxembourg, founded in 2018. Accredited by ANAB, JCM, GCC, ICR. Verifies against ISO 14064, ISO 14067, VCS, Gold Standard. Active in programs: Verra VCS, Gold Standard, JCM, GCC, ICR, Cercarbono, Article 6.4. Coverage: Global. Size: 89 employees.",0.75,high,https://www.sustain-cert.com,2026-02-24
60,Preferred by Nature,Preferred by Nature OU,https://www.preferredbynature.org,Estonia,Estonia,,,,,,Multiple,VCS; Gold Standard; Plan Vivo,Verra VCS; Gold Standard; Plan Vivo,Global,,"Preferred by Nature is an international non-profit providing carbon offset validation and verification under Verra VCS, Gold Standard, and Plan Vivo in 100+ countries.","Preferred by Nature (Preferred by Nature OU) is a carbon/GHG verification body, headquartered in Estonia. Accredited by Multiple. Verifies against VCS, Gold Standard, Plan Vivo. Active in programs: Verra VCS, Gold Standard, Plan Vivo. Coverage: Global.",0.475,low,https://www.preferredbynature.org,2026-02-24
61,Re-Carbon,Re-Carbon Ltd.,https://www.re-carbon.net,"Ankara, Turkey",Turkey,,,,,,ANAB,VCS; Gold Standard,Verra VCS; Gold Standard,Turkey; Global,,Re-Carbon is a Turkish verification body providing Verra VCS and Gold Standard carbon offset validation and verification services.,"Re-Carbon (Re-Carbon Ltd.) is a carbon/GHG verification body, headquartered in Ankara, Turkey. Accredited by ANAB. Verifies against VCS, Gold Standard. Active in programs: Verra VCS, Gold Standard. Coverage: Turkey, Global.",0.442,low,https://www.re-carbon.net,2026-02-24
62,Pangolin Associates,Pangolin Associates Pty Ltd.,https://www.pangolinassociates.com,"Sydney, Australia",Australia,2018,info@pangolin.com.au,+61 2 8310 6378,,,Gold Standard; Climate Active,Gold Standard,Gold Standard,Australia; Pacific,,Pangolin Associates is an Australian verification body accredited for Gold Standard carbon offset verification in the Australia/Pacific region.,"Pangolin Associates (Pangolin Associates Pty Ltd.) is a carbon/GHG verification body, headquartered in Sydney, Australia, founded in 2018. Accredited by Gold Standard, Climate Active. Verifies against Gold Standard. Active in programs: Gold Standard. Coverage: Australia, Pacific.",0.658,medium,https://www.pangolinassociates.com,2026-02-24
63,Korean Foundation for Quality (KFQ),Korean Foundation for Quality,https://www.kfq.or.kr,"Seoul, South Korea",South Korea,,iscc@kfq.or.kr,,,,Gold Standard; ISCC,Gold Standard; ISCC,Gold Standard; ISCC,South Korea; Asia,,KFQ is a South Korean quality certification body providing Gold Standard and ISCC certification services.,"Korean Foundation for Quality (KFQ) (Korean Foundation for Quality) is a carbon/GHG verification body, headquartered in Seoul, South Korea. Accredited by Gold Standard, ISCC. Verifies against Gold Standard, ISCC. Active in programs: Gold Standard, ISCC. Coverage: South Korea, Asia.",0.617,medium,https://www.kfq.or.kr,2026-02-24
64,CEPREI Certification Body,CEPREI Certification Body,https://www.ceprei.com,"Guangzhou, China",China,,,,,,Gold Standard,Gold Standard,Gold Standard,China,,"CEPREI is a Chinese certification body accredited for Gold Standard verification in energy, waste, and transport sectors.","CEPREI Certification Body is a carbon/GHG verification body, headquartered in Guangzhou, China. Accredited by Gold Standard. Verifies against Gold Standard. Active in programs: Gold Standard. Coverage: China.",0.333,low,https://www.ceprei.com,2026-02-24
65,China Certification Center Inc. (CCCI),China Certification Center Inc.,https://www.ccci.org.cn,"Beijing, China",China,,,,,,Gold Standard,Gold Standard,Gold Standard,China,,CCCI is a Chinese certification center accredited for Gold Standard carbon offset verification in energy and waste sectors.,"China Certification Center Inc. (CCCI) (China Certification Center Inc.) is a carbon/GHG verification body, headquartered in Beijing, China. Accredited by Gold Standard. Verifies against Gold Standard. Active in programs: Gold Standard. Coverage: China.",0.358,low,https://www.ccci.org.cn,2026-02-24
66,China Testing & Certification International (CTC),China Testing & Certification International,https://www.ctc.ac.cn,"Beijing, China",China,,,+86 18001311519,Du Tengfei,,CNAS; Gold Standard; ISCC; RSB,Gold Standard; ISCC; RSB,Verra VCS; Gold Standard; ISCC; RSB,China; Asia,,"CTC is a Chinese testing and certification body providing Gold Standard, ISCC, and RSB verification services.","China Testing & Certification International (CTC) (China Testing & Certification International) is a carbon/GHG verification body, headquartered in Beijing, China. Accredited by CNAS, Gold Standard, ISCC, RSB. Verifies against Gold Standard, ISCC, RSB. Active in programs: Verra VCS, Gold Standard, ISCC, RSB. Coverage: China, Asia.",0.7,medium,https://www.ctc.ac.cn,2026-02-24
67,ICONTEC,ICONTEC,https://www.icontec.org,"Bogota, Colombia",Colombia,,,,,,Verra VCS,VCS,Verra VCS,Latin America,,ICONTEC is a Colombian certification body providing Verra VCS carbon offset verification services in Latin America.,"ICONTEC is a carbon/GHG verification body, headquartered in Bogota, Colombia. Accredited by Verra VCS. Verifies against VCS. Active in programs: Verra VCS. Coverage: Latin America.",0.333,low,https://www.icontec.org,2026-02-24
68,Dillon Consulting,Dillon Consulting Ltd.,https://www.dillon.ca,"Toronto, Canada",Canada,,,,,,ANAB; Verra,ISO 14064; VCS,Verra VCS,Canada,,Dillon Consulting is a Canadian environmental consulting firm providing Verra VCS and ISO 14064 GHG verification services.,"Dillon Consulting (Dillon Consulting Ltd.) is a carbon/GHG verification body, headquartered in Toronto, Canada. Accredited by ANAB, Verra. Verifies against ISO 14064, VCS. Active in programs: Verra VCS. Coverage: Canada.",0.492,low,https://www.dillon.ca,2026-02-24
69,MNP,MNP LLP,https://www.mnp.ca,"Calgary, Canada",Canada,,,,,,Verra VCS,VCS,Verra VCS,Canada,,MNP is a Canadian accounting and consulting firm providing Verra VCS carbon offset verification services.,"MNP (MNP LLP) is a carbon/GHG verification body, headquartered in Calgary, Canada. Accredited by Verra VCS. Verifies against VCS. Active in programs: Verra VCS. Coverage: Canada.",0.358,low,https://www.mnp.ca,2026-02-24
70,Green Sky Sustainability Consulting,Green Sky Sustainability Consulting Inc.,https://www.greensky.solutions,Canada,Canada,,,,,,Verra VCS,VCS,Verra VCS,Canada,,Green Sky Sustainability Consulting is a Canadian firm providing Verra VCS carbon offset verification services.,"Green Sky Sustainability Consulting (Green Sky Sustainability Consulting Inc.) is a carbon/GHG verification body, headquartered in Canada. Accredited by Verra VCS. Verifies against VCS. Active in programs: Verra VCS. Coverage: Canada.",0.358,low,https://www.greensky.solutions,2026-02-24
71,Verifit,Verifit SAS,https://www.verifit.com.co,"Medellin, Colombia",Colombia,,contacto@verifit.com.co,+57 3122600587,Ricardo Lopes,,Verra; Gold Standard; CAR,VCS; Gold Standard; CDM,Verra VCS; Gold Standard; CAR,Latin America,,"Verifit is a Colombian verification body providing Verra VCS, Gold Standard, and CAR carbon offset verification across 20+ Latin American countries.","Verifit (Verifit SAS) is a carbon/GHG verification body, headquartered in Medellin, Colombia. Accredited by Verra, Gold Standard, CAR. Verifies against VCS, Gold Standard, CDM. Active in programs: Verra VCS, Gold Standard, CAR. Coverage: Latin America.",0.775,high,https://www.verifit.com.co,2026-02-24
72,BM Certification,BM Certification SIA,https://www.bmcertification.com,"Riga, Latvia",Latvia,,,,,,Verra; Gold Standard; ISCC,VCS; Gold Standard,Verra VCS; Gold Standard; ISCC,Global,,"BM Certification is a certification body based in Latvia and the UK providing Verra VCS, Gold Standard, and ISCC certification across 30+ countries.","BM Certification (BM Certification SIA) is a carbon/GHG verification body, headquartered in Riga, Latvia. Accredited by Verra, Gold Standard, ISCC. Verifies against VCS, Gold Standard. Active in programs: Verra VCS, Gold Standard, ISCC. Coverage: Global.",0.542,medium,https://www.bmcertification.com,2026-02-24
73,Shanghai Ingeer Certification,Shanghai Ingeer Certification,,"Shanghai, China",China,,,,,,ANAB,GHG verification,China carbon market,China,,Shanghai Ingeer Certification is a Chinese GHG verification body accredited by ANAB for China carbon market verification.,"Shanghai Ingeer Certification is a carbon/GHG verification body, headquartered in Shanghai, China. Accredited by ANAB. Verifies against GHG verification. Active in programs: China carbon market. Coverage: China.",0.258,low,,2026-02-24
74,CGN Certification,CGN Certification,,China,China,,,,,,ANAB,GHG verification,China carbon market,China,,CGN Certification is a Chinese GHG verification body accredited by ANAB for China carbon market verification.,"CGN Certification is a carbon/GHG verification body, headquartered in China. Accredited by ANAB. Verifies against GHG verification. Active in programs: China carbon market. Coverage: China.",0.258,low,,2026-02-24
75,Bao Fu Management Consultants,Bao Fu Management Consultants Co.,,Taiwan,Taiwan,,,,,,ANAB,GHG verification,Taiwan carbon market,Asia-Pacific,,Bao Fu Management Consultants is a Taiwan-based GHG verification body accredited by ANAB for carbon market verification.,"Bao Fu Management Consultants (Bao Fu Management Consultants Co.) is a carbon/GHG verification body, headquartered in Taiwan. Accredited by ANAB. Verifies against GHG verification. Active in programs: Taiwan carbon market. Coverage: Asia-Pacific.",0.283,low,,2026-02-24
76,Ampere for Renewable Energy,Ampere for Renewable Energy,,Egypt,Egypt,,,,,,Gold Standard,Gold Standard,Gold Standard,Middle East; Africa,,Ampere for Renewable Energy is an Egyptian verification body accredited for Gold Standard carbon offset verification in the Middle East and Africa.,"Ampere for Renewable Energy is a carbon/GHG verification body, headquartered in Egypt. Accredited by Gold Standard. Verifies against Gold Standard. Active in programs: Gold Standard. Coverage: Middle East, Africa.",0.258,low,,2026-02-24
77,Egis Energy,Egis Energy Ltd.,,France,France,,,,,,ANAB,GHG verification,Energy sector GHG,France; Global,,Egis Energy is a French energy sector GHG verification body accredited by ANAB.,"Egis Energy (Egis Energy Ltd.) is a carbon/GHG verification body, headquartered in France. Accredited by ANAB. Verifies against GHG verification. Active in programs: Energy sector GHG. Coverage: France, Global.",0.283,low,,2026-02-24
78,RWDI Air,RWDI Air Inc.,,"Guelph, Canada",Canada,,,,,,ANAB,ISO 14064; ISO 14065,ISO 14065,Canada,,RWDI Air is a Canadian engineering firm providing ISO 14064 and ISO 14065 GHG verification services.,"RWDI Air (RWDI Air Inc.) is a carbon/GHG verification body, headquartered in Guelph, Canada. Accredited by ANAB. Verifies against ISO 14064, ISO 14065. Active in programs: ISO 14065. Coverage: Canada.",0.317,low,,2026-02-24
79,Aardvark Certification,Aardvark Certification Ltd.,,"Wiveliscombe, UK",United Kingdom,,nicholasjohnn@aardvarkcertification.com,,,,ISCC,ISCC,ISCC,United Kingdom,,Aardvark Certification is a UK-based ISCC certification body.,"Aardvark Certification (Aardvark Certification Ltd.) is a carbon/GHG verification body, headquartered in Wiveliscombe, UK, United Kingdom. Accredited by ISCC. Verifies against ISCC. Active in programs: ISCC. Coverage: United Kingdom.",0.358,low,,2026-02-24
80,agroVet,agroVet GmbH,,"Enzersfeld, Austria",Austria,,m.grill@agrovet.at,,,,ISCC,ISCC,ISCC,Austria,,agroVet is an Austrian certification body providing ISCC sustainability certification services.,"agroVet (agroVet GmbH) is a carbon/GHG verification body, headquartered in Enzersfeld, Austria. Accredited by ISCC. Verifies against ISCC. Active in programs: ISCC. Coverage: Austria.",0.358,low,,2026-02-24
81,Alcumus ISOQAR,Alcumus ISOQAR Ltd.,,"Manchester, UK",United Kingdom,,roger.wood@alcumus.com,,,,ISCC,ISCC,ISCC,United Kingdom,,Alcumus ISOQAR is a UK-based certification body providing ISCC sustainability certification services.,"Alcumus ISOQAR (Alcumus ISOQAR Ltd.) is a carbon/GHG verification body, headquartered in Manchester, UK, United Kingdom. Accredited by ISCC. Verifies against ISCC. Active in programs: ISCC. Coverage: United Kingdom.",0.358,low,,2026-02-24
82,ASG Cert,ASG Cert GmbH,,"Munich, Germany",Germany,,mail@asg-cert.com,,,,ISCC,ISCC,ISCC,Germany,,ASG Cert is a German certification body providing ISCC sustainability certification services.,"ASG Cert (ASG Cert GmbH) is a carbon/GHG verification body, headquartered in Munich, Germany. Accredited by ISCC. Verifies against ISCC. Active in programs: ISCC. Coverage: Germany.",0.358,low,,2026-02-24
83,Baltic Control Certification,Baltic Control Certification A/S,,"Risskov, Denmark",Denmark,,sustain@balticcontrol.com,,,,ISCC,ISCC,ISCC,Denmark,,Baltic Control Certification is a Danish certification body providing ISCC sustainability certification services.,"Baltic Control Certification (Baltic Control Certification A/S) is a carbon/GHG verification body, headquartered in Risskov, Denmark. Accredited by ISCC. Verifies against ISCC. Active in programs: ISCC. Coverage: Denmark.",0.358,low,,2026-02-24
84,BMC Assurance,BMC Assurance S.L.,,"Santander, Spain",Spain,,info@bmcassurance.com,,,,ISCC,ISCC,ISCC,Spain,,BMC Assurance is a Spanish certification body providing ISCC sustainability certification services.,"BMC Assurance (BMC Assurance S.L.) is a carbon/GHG verification body, headquartered in Santander, Spain. Accredited by ISCC. Verifies against ISCC. Active in programs: ISCC. Coverage: Spain.",0.358,low,,2026-02-24
85,Business Quality Verification (BQV),Business Quality Verification,,"Athens, Greece",Greece,,schristidis@bqv.gr,,,,ISCC,ISCC,ISCC,Greece,,BQV is a Greek certification body providing ISCC sustainability certification services.,"Business Quality Verification (BQV) (Business Quality Verification) is a carbon/GHG verification body, headquartered in Athens, Greece. Accredited by ISCC. Verifies against ISCC. Active in programs: ISCC. Coverage: Greece.",0.358,low,,2026-02-24
86,Certificadora Gallega del Noroeste (CGN),Certificadora Gallega del Noroeste,,"Vilagarcia de Arousa, Spain",Spain,,gerencia@ceganor.com,,,,ISCC,ISCC,ISCC,Spain,,CGN is a Spanish certification body providing ISCC sustainability certification services.,"Certificadora Gallega del Noroeste (CGN) (Certificadora Gallega del Noroeste) is a carbon/GHG verification body, headquartered in Vilagarcia de Arousa, Spain. Accredited by ISCC. Verifies against ISCC. Active in programs: ISCC. Coverage: Spain.",0.358,low,,2026-02-24
87,Certi W Baltic,Certi W Baltic SIA,,"Riga, Latvia",Latvia,,giuseppe.lepore@certiw.com,,,,ISCC,ISCC,ISCC,Latvia,,Certi W Baltic is a Latvian certification body providing ISCC sustainability certification services.,"Certi W Baltic (Certi W Baltic SIA) is a carbon/GHG verification body, headquartered in Riga, Latvia. Accredited by ISCC. Verifies against ISCC. Active in programs: ISCC. Coverage: Latvia.",0.358,low,,2026-02-24
88,China Classification Society Certification,China Classification Society Certification Co.,,"Beijing, China",China,,lvshunmao@c.ccs.org.cn,,,,ISCC,ISCC,ISCC,China,,China Classification Society Certification is a Chinese certification body providing ISCC sustainability certification services.,"China Classification Society Certification (China Classification Society Certification Co.) is a carbon/GHG verification body, headquartered in Beijing, China. Accredited by ISCC. Verifies against ISCC. Active in programs: ISCC. Coverage: China.",0.358,low,,2026-02-24
89,China Standard Conformity Assessment,China Standard Conformity Assessment Co.,,"Beijing, China",China,,wangzy@cscac.com.cn,,,,ISCC,ISCC,ISCC,China,,China Standard Conformity Assessment is a Chinese certification body providing ISCC sustainability certification services.,"China Standard Conformity Assessment (China Standard Conformity Assessment Co.) is a carbon/GHG verification body, headquartered in Beijing, China. Accredited by ISCC. Verifies against ISCC. Active in programs: ISCC. Coverage: China.",0.358,low,,2026-02-24
90,China Quality Certification Centre,China Quality Certification Centre Co.,,"Beijing, China",China,,luomin@cqc.com.cn,,,,ISCC,ISCC,ISCC,China,,China Quality Certification Centre is a Chinese certification body providing ISCC sustainability certification services.,"China Quality Certification Centre (China Quality Certification Centre Co.) is a carbon/GHG verification body, headquartered in Beijing, China. Accredited by ISCC. Verifies against ISCC. Active in programs: ISCC. Coverage: China.",0.358,low,,2026-02-24
91,CertRom,CertRom S.R.L.,,"Bucharest, Romania",Romania,,director@certrom.ro,,,,ISCC,ISCC,ISCC,Romania,,CertRom is a Romanian certification body providing ISCC sustainability certification services.,"CertRom (CertRom S.R.L.) is a carbon/GHG verification body, headquartered in Bucharest, Romania. Accredited by ISCC. Verifies against ISCC. Active in programs: ISCC. Coverage: Romania.",0.358,low,,2026-02-24
92,Cotecna Inspection India,Cotecna Inspection India Pvt. Ltd.,,"Kolkata, India",India,,subrata.saha@cotecna.co.in,,,,ISCC,ISCC,ISCC,India,,Cotecna Inspection India is an Indian subsidiary of Cotecna providing ISCC sustainability certification services.,"Cotecna Inspection India (Cotecna Inspection India Pvt. Ltd.) is a carbon/GHG verification body, headquartered in Kolkata, India. Accredited by ISCC. Verifies against ISCC. Active in programs: ISCC. Coverage: India.",0.358,low,,2026-02-24
93,CTI Certification,CTI Certification Co. Ltd.,,"Shenzhen, China",China,,duwenjun@cti-cert.com,,,,ISCC,ISCC,ISCC,China,,CTI Certification is a Chinese certification body providing ISCC sustainability certification services.,"CTI Certification (CTI Certification Co. Ltd.) is a carbon/GHG verification body, headquartered in Shenzhen, China. Accredited by ISCC. Verifies against ISCC. Active in programs: ISCC. Coverage: China.",0.358,low,,2026-02-24
94,DIN CERTCO,DIN CERTCO,,"Berlin, Germany",Germany,,sales-sustainable@dincertco.de,,,,ISCC,ISCC,ISCC,Germany,,DIN CERTCO is a German certification body affiliated with DIN standards providing ISCC sustainability certification services.,"DIN CERTCO is a carbon/GHG verification body, headquartered in Berlin, Germany. Accredited by ISCC. Verifies against ISCC. Active in programs: ISCC. Coverage: Germany.",0.333,low,,2026-02-24
95,DEKRA Certification B.V.,DEKRA Certification B.V.,,"Arnhem, Netherlands",Netherlands,,kevin.klijn@dekra.com,,,,ISCC,ISCC,ISCC,Netherlands,,DEKRA Certification B.V. is the Dutch arm of DEKRA providing ISCC sustainability certification services.,"DEKRA Certification B.V. is a carbon/GHG verification body, headquartered in Arnhem, Netherlands. Accredited by ISCC. Verifies against ISCC. Active in programs: ISCC. Coverage: Netherlands.",0.333,low,,2026-02-24
96,DQS CFS,DQS CFS GmbH,,"Frankfurt, Germany",Germany,,info@dqs-cfs.com,,,,ISCC,ISCC,ISCC,Germany,,"DQS CFS is a German certification body specializing in food safety and sustainability, providing ISCC certification services.","DQS CFS (DQS CFS GmbH) is a carbon/GHG verification body, headquartered in Frankfurt, Germany. Accredited by ISCC. Verifies against ISCC. Active in programs: ISCC. Coverage: Germany.",0.358,low,,2026-02-24
97,Double Helix Tracking Technologies,Double Helix Tracking Technologies,,Singapore,Singapore,,iscc@doublehelixtracking.com,,,,ISCC,ISCC,ISCC,Singapore; Asia,,Double Helix Tracking Technologies is a Singapore-based certification body providing ISCC sustainability certification services.,"Double Helix Tracking Technologies is a carbon/GHG verification body, headquartered in Singapore. Accredited by ISCC. Verifies against ISCC. Active in programs: ISCC. Coverage: Singapore, Asia.",0.333,low,,2026-02-24
98,ESTS (Extensive Standard Technical Services),Extensive Standard Technical Services,,Hong Kong,Hong Kong,,selina.cheang@estsglobal.com,,,,ISCC,ISCC,ISCC,Hong Kong; Asia,,ESTS is a Hong Kong-based technical services company providing ISCC sustainability certification.,"ESTS (Extensive Standard Technical Services) (Extensive Standard Technical Services) is a carbon/GHG verification body, headquartered in Hong Kong. Accredited by ISCC. Verifies against ISCC. Active in programs: ISCC. Coverage: Hong Kong, Asia.",0.358,low,,2026-02-24
99,FITI Testing & Research Institute,FITI Testing & Research Institute,,"Seoul, South Korea",South Korea,,claudeyoo@fitiglobal.com,,,,ISCC,ISCC,ISCC,South Korea,,FITI is a South Korean testing and research institute providing ISCC sustainability certification services.,"FITI Testing & Research Institute is a carbon/GHG verification body, headquartered in Seoul, South Korea. Accredited by ISCC. Verifies against ISCC. Active in programs: ISCC. Coverage: South Korea.",0.333,low,,2026-02-24
100,Global-Creative-Energy,Global-Creative-Energy GmbH,,"Berlin, Germany",Germany,,info@global-creative-energy.eu,,,,ISCC,ISCC,ISCC,Germany,,Global-Creative-Energy is a Berlin-based certification body providing ISCC sustainability certification services.,"Global-Creative-Energy (Global-Creative-Energy GmbH) is a carbon/GHG verification body, headquartered in Berlin, Germany. Accredited by ISCC. Verifies against ISCC. Active in programs: ISCC. Coverage: Germany.",0.358,low,,2026-02-24
101,Global Gateway Certifications,Global Gateway Certifications,,"Ampang, Malaysia",Malaysia,,sjm@ggc.my,,,,ISCC,ISCC,ISCC,Malaysia,,Global Gateway Certifications is a Malaysian certification body providing ISCC sustainability certification services.,"Global Gateway Certifications is a carbon/GHG verification body, headquartered in Ampang, Malaysia. Accredited by ISCC. Verifies against ISCC. Active in programs: ISCC. Coverage: Malaysia.",0.333,low,,2026-02-24
102,Guardian Independent Certification,Guardian Independent Certification,,Singapore,Singapore,,enquiries@gicgrp.com,,,,ISCC,ISCC,ISCC,Singapore,,Guardian Independent Certification is a Singapore-based certification body providing ISCC sustainability certification services.,"Guardian Independent Certification is a carbon/GHG verification body, headquartered in Singapore. Accredited by ISCC. Verifies against ISCC. Active in programs: ISCC. Coverage: Singapore.",0.333,low,,2026-02-24
103,QIMA,QIMA,,"Botucatu, Brazil",Brazil,,nicholas.nordi@qima.com,,,,ISCC,ISCC,ISCC,Brazil,,QIMA is a quality inspection and certification company providing ISCC sustainability certification services from Brazil.,"QIMA is a carbon/GHG verification body, headquartered in Botucatu, Brazil. Accredited by ISCC. Verifies against ISCC. Active in programs: ISCC. Coverage: Brazil.",0.333,low,,2026-02-24
104,ICIM,ICIM S.p.A.,,"Sesto San Giovanni, Italy",Italy,,vincenzo.delacqua@icim.it,,,,ISCC,ISCC,ISCC,Italy,,ICIM is an Italian certification body providing ISCC sustainability certification services.,"ICIM (ICIM S.p.A.) is a carbon/GHG verification body, headquartered in Sesto San Giovanni, Italy. Accredited by ISCC. Verifies against ISCC. Active in programs: ISCC. Coverage: Italy.",0.358,low,,2026-02-24
105,IIP,IIP S.r.l.,,"Monza, Italy",Italy,,matteo.locati@iip.it,,,,ISCC,ISCC,ISCC,Italy,,IIP is an Italian inspection and certification body providing ISCC sustainability certification services.,"IIP (IIP S.r.l.) is a carbon/GHG verification body, headquartered in Monza, Italy. Accredited by ISCC. Verifies against ISCC. Active in programs: ISCC. Coverage: Italy.",0.358,low,,2026-02-24
106,Kiwa Colombia,Kiwa Colombia S.A.S.,,"Zipaquira, Colombia",Colombia,,alejandro.franco@kiwa.com,,,,ISCC,ISCC,ISCC,Colombia,,Kiwa Colombia is the Colombian arm of Kiwa N.V. providing ISCC sustainability certification services in Latin America.,"Kiwa Colombia (Kiwa Colombia S.A.S.) is a carbon/GHG verification body, headquartered in Zipaquira, Colombia. Accredited by ISCC. Verifies against ISCC. Active in programs: ISCC. Coverage: Colombia.",0.358,low,,2026-02-24
107,NCS Estonia,NCS Estonia OU,,"Tallinn, Estonia",Estonia,,renal.lastik@ncsgroup.eu,,,,ISCC,ISCC,ISCC,Estonia,,NCS Estonia is an Estonian certification body providing ISCC sustainability certification services.,"NCS Estonia (NCS Estonia OU) is a carbon/GHG verification body, headquartered in Tallinn, Estonia. Accredited by ISCC. Verifies against ISCC. Active in programs: ISCC. Coverage: Estonia.",0.358,low,,2026-02-24
108,NIOSH Certification,NIOSH Certification,,"Bangi, Malaysia",Malaysia,,navin@nioshcert.com.my,,,,ISCC,ISCC,ISCC,Malaysia,,NIOSH Certification is a Malaysian certification body providing ISCC sustainability certification services.,"NIOSH Certification is a carbon/GHG verification body, headquartered in Bangi, Malaysia. Accredited by ISCC. Verifies against ISCC. Active in programs: ISCC. Coverage: Malaysia.",0.333,low,,2026-02-24
109,Normec QS,Normec QS,,"Ede, Netherlands",Netherlands,,Aart.van.Steenbergen@normecgroup.com,,,,ISCC,ISCC,ISCC,Netherlands,,Normec QS is a Dutch certification body providing ISCC sustainability certification services.,"Normec QS is a carbon/GHG verification body, headquartered in Ede, Netherlands. Accredited by ISCC. Verifies against ISCC. Active in programs: ISCC. Coverage: Netherlands.",0.333,low,,2026-02-24
110,NSF International,NSF International,,"Ann Arbor, MI",United States,,nning@nsf.org,,,,ISCC,ISCC,ISCC,United States,,NSF International is a US-based public health and safety organization providing ISCC sustainability certification services.,"NSF International is a carbon/GHG verification body, headquartered in Ann Arbor, MI, United States. Accredited by ISCC. Verifies against ISCC. Active in programs: ISCC. Coverage: United States.",0.333,low,,2026-02-24
111,Organic Standard,Organic Standard Ltd.,,"Kyiv, Ukraine",Ukraine,,manziuk.o@organicstandard.ua,,,,ISCC,ISCC,ISCC,Ukraine,,Organic Standard is a Ukrainian certification body providing ISCC sustainability certification services.,"Organic Standard (Organic Standard Ltd.) is a carbon/GHG verification body, headquartered in Kyiv, Ukraine. Accredited by ISCC. Verifies against ISCC. Active in programs: ISCC. Coverage: Ukraine.",0.358,low,,2026-02-24
112,PT CBQA Global Indonesia,PT CBQA Global Indonesia,,"Jakarta, Indonesia",Indonesia,,yessiva@cbqaglobal.com,,,,ISCC,ISCC,ISCC,Indonesia,,PT CBQA Global Indonesia is an Indonesian certification body providing ISCC sustainability certification services.,"PT CBQA Global Indonesia is a carbon/GHG verification body, headquartered in Jakarta, Indonesia. Accredited by ISCC. Verifies against ISCC. Active in programs: ISCC. Coverage: Indonesia.",0.333,low,,2026-02-24
113,PT Intertek Utama Services,PT Intertek Utama Services,,"Jakarta, Indonesia",Indonesia,,aryati.larasati@intertek.com,,,,ISCC,ISCC,ISCC,Indonesia,,PT Intertek Utama Services is the Indonesian arm of Intertek providing ISCC sustainability certification services.,"PT Intertek Utama Services is a carbon/GHG verification body, headquartered in Jakarta, Indonesia. Accredited by ISCC. Verifies against ISCC. Active in programs: ISCC. Coverage: Indonesia.",0.333,low,,2026-02-24
114,LSQA,LSQA S.A.,,"Montevideo, Uruguay",Uruguay,,info@lsqa.com,,,,ISCC,ISCC,ISCC,Uruguay,,LSQA is a Uruguayan certification body providing ISCC sustainability certification services.,"LSQA (LSQA S.A.) is a carbon/GHG verification body, headquartered in Montevideo, Uruguay. Accredited by ISCC. Verifies against ISCC. Active in programs: ISCC. Coverage: Uruguay.",0.358,low,,2026-02-24
115,PT Mutuagung Lestari,PT Mutuagung Lestari,,"Depok, Indonesia",Indonesia,,dwikus@mutucertification.com,,,,ISCC,ISCC,ISCC,Indonesia,,PT Mutuagung Lestari is an Indonesian certification body providing ISCC sustainability certification services.,"PT Mutuagung Lestari is a carbon/GHG verification body, headquartered in Depok, Indonesia. Accredited by ISCC. Verifies against ISCC. Active in programs: ISCC. Coverage: Indonesia.",0.333,low,,2026-02-24
116,PT Qualitas Sertifikasi Indonesia,PT Qualitas Sertifikasi Indonesia,,"Jakarta, Indonesia",Indonesia,,hi.circular@qualitasertifikasi.com,,,,ISCC,ISCC,ISCC,Indonesia,,PT Qualitas Sertifikasi Indonesia is an Indonesian certification body providing ISCC sustainability certification services.,"PT Qualitas Sertifikasi Indonesia is a carbon/GHG verification body, headquartered in Jakarta, Indonesia. Accredited by ISCC. Verifies against ISCC. Active in programs: ISCC. Coverage: Indonesia.",0.333,low,,2026-02-24
117,PT SBC Asia Sertifikasi,PT SBC Asia Sertifikasi,,"Kebumen, Indonesia",Indonesia,,puput@sbc-sertifikasi.com,,,,ISCC,ISCC,ISCC,Indonesia,,PT SBC Asia Sertifikasi is an Indonesian certification body providing ISCC sustainability certification services.,"PT SBC Asia Sertifikasi is a carbon/GHG verification body, headquartered in Kebumen, Indonesia. Accredited by ISCC. Verifies against ISCC. Active in programs: ISCC. Coverage: Indonesia.",0.333,low,,2026-02-24
118,PT TSI Sertifikasi Internasional,PT TSI Sertifikasi Internasional,,"Jakarta, Indonesia",Indonesia,,info@tsicertification.co.id,,,,ISCC,ISCC,ISCC,Indonesia,,PT TSI Sertifikasi Internasional is an Indonesian certification body providing ISCC sustainability certification services.,"PT TSI Sertifikasi Internasional is a carbon/GHG verification body, headquartered in Jakarta, Indonesia. Accredited by ISCC. Verifies against ISCC. Active in programs: ISCC. Coverage: Indonesia.",0.333,low,,2026-02-24
119,PT TUV Rheinland Indonesia,PT TUV Rheinland Indonesia,,"Jakarta, Indonesia",Indonesia,,Dian.Soeminta@tuv.com,,,,ISCC,ISCC,ISCC,Indonesia,,PT TUV Rheinland Indonesia is the Indonesian subsidiary of TUV Rheinland providing ISCC sustainability certification services.,"PT TUV Rheinland Indonesia is a carbon/GHG verification body, headquartered in Jakarta, Indonesia. Accredited by ISCC. Verifies against ISCC. Active in programs: ISCC. Coverage: Indonesia.",0.333,low,,2026-02-24
120,QMSCERT,QMSCERT Ltd.,,"Thessaloniki, Greece",Greece,,iscc@qmscert.com,,,,ISCC,ISCC,ISCC,Greece,,QMSCERT is a Greek certification body providing ISCC sustainability certification services.,"QMSCERT (QMSCERT Ltd.) is a carbon/GHG verification body, headquartered in Thessaloniki, Greece. Accredited by ISCC. Verifies against ISCC. Active in programs: ISCC. Coverage: Greece.",0.358,low,,2026-02-24
121,SI Cert Italy,SI Cert Italy SRL,,"Parma, Italy",Italy,,d.rotondo@sicert.net,,,,ISCC,ISCC,ISCC,Italy,,SI Cert Italy is an Italian certification body providing ISCC sustainability certification services.,"SI Cert Italy (SI Cert Italy SRL) is a carbon/GHG verification body, headquartered in Parma, Italy. Accredited by ISCC. Verifies against ISCC. Active in programs: ISCC. Coverage: Italy.",0.358,low,,2026-02-24
122,SRAC Cert,SRAC Cert SRL,,"Bucharest, Romania",Romania,,marilena.croitoru@srac.ro,,,,ISCC,ISCC,ISCC,Romania,,SRAC Cert is a Romanian certification body providing ISCC sustainability certification services.,"SRAC Cert (SRAC Cert SRL) is a carbon/GHG verification body, headquartered in Bucharest, Romania. Accredited by ISCC. Verifies against ISCC. Active in programs: ISCC. Coverage: Romania.",0.358,low,,2026-02-24
123,Trans Certification & Inspection,Trans Certification & Inspection,,"Kuantan, Malaysia",Malaysia,,iscc.services@transcert.com.my,,,,ISCC; RSB,ISCC; RSB,ISCC; RSB,Malaysia,,Trans Certification & Inspection is a Malaysian certification body providing ISCC and RSB sustainability certification services.,"Trans Certification & Inspection is a carbon/GHG verification body, headquartered in Kuantan, Malaysia. Accredited by ISCC, RSB. Verifies against ISCC, RSB. Active in programs: ISCC, RSB. Coverage: Malaysia.",0.517,medium,,2026-02-24
124,United Registrar of Systems Polska,United Registrar of Systems Polska,,"Wroclaw, Poland",Poland,,bartosz.ratowski@urs-polska.pl,,,,ISCC,ISCC,ISCC,Poland,,United Registrar of Systems Polska is a Polish certification body providing ISCC sustainability certification services.,"United Registrar of Systems Polska is a carbon/GHG verification body, headquartered in Wroclaw, Poland. Accredited by ISCC. Verifies against ISCC. Active in programs: ISCC. Coverage: Poland.",0.333,low,,2026-02-24
125,Aciter Genelab,Aciter Genelab LLC,,"Odesa, Ukraine",Ukraine,,dv@aciter.com,,,,ISCC,ISCC,ISCC,Ukraine,,Aciter Genelab is a Ukrainian certification body providing ISCC sustainability certification services.,"Aciter Genelab (Aciter Genelab LLC) is a carbon/GHG verification body, headquartered in Odesa, Ukraine. Accredited by ISCC. Verifies against ISCC. Active in programs: ISCC. Coverage: Ukraine.",0.358,low,,2026-02-24
126,AmSpec de Mexico,AmSpec de Mexico,,Mexico City,Mexico,,,+52 557-933-5770,Miguel Angel Munoz Ruiz,,CAR,CAR,CAR,Mexico,,AmSpec de Mexico is a Mexican verification body accredited for Climate Action Reserve Mexico Forest protocol verification.,"AmSpec de Mexico is a carbon/GHG verification body, headquartered in Mexico City. Accredited by CAR. Verifies against CAR. Active in programs: CAR. Coverage: Mexico.",0.383,low,,2026-02-24
127,ANCE,ANCE,,Mexico City,Mexico,,,+52 554-180-5405,Joel Miguel Ramirez,,CAR,CAR,CAR,Mexico,,ANCE is a Mexican verification body accredited for Climate Action Reserve Mexico Forest protocol verification.,"ANCE is a carbon/GHG verification body, headquartered in Mexico City. Accredited by CAR. Verifies against CAR. Active in programs: CAR. Coverage: Mexico.",0.383,low,,2026-02-24
128,Green Certificaciones,Green Certificaciones,,Mexico City,Mexico,,,+52 557-946-2989,Yazmin Hernandez,,CAR,CAR,CAR,Mexico,,Green Certificaciones is a Mexican verification body accredited for Climate Action Reserve Mexico Forest protocol verification.,"Green Certificaciones is a carbon/GHG verification body, headquartered in Mexico City. Accredited by CAR. Verifies against CAR. Active in programs: CAR. Coverage: Mexico.",0.383,low,,2026-02-24
129,OMADA MITERA,OMADA MITERA,,"Tecamac, Mexico",Mexico,,,55-8098-6614,MA. de los Angeles Ceja Flores,,CAR,CAR,CAR,Mexico,,OMADA MITERA is a Mexican verification body accredited for Climate Action Reserve Mexico Forest protocol verification.,"OMADA MITERA is a carbon/GHG verification body, headquartered in Tecamac, Mexico. Accredited by CAR. Verifies against CAR. Active in programs: CAR. Coverage: Mexico.",0.383,low,,2026-02-24
130,Intertek Testing Services Argentina,Intertek Testing Services Argentina S.A.,https://www.intertek.com,"Buenos Aires, Argentina",Argentina,,,,,,Verra VCS; ISCC,VCS; ISCC,Verra VCS; ISCC,Argentina; Latin America,,Intertek Testing Services Argentina is the Argentine arm of Intertek providing Verra VCS and ISCC verification services in Latin America.,"Intertek Testing Services Argentina (Intertek Testing Services Argentina S.A.) is a carbon/GHG verification body, headquartered in Buenos Aires, Argentina. Accredited by Verra VCS, ISCC. Verifies against VCS, ISCC. Active in programs: Verra VCS, ISCC. Coverage: Argentina, Latin America.",0.542,medium,https://www.intertek.com,2026-02-24
131,Bureau Veritas India,Bureau Veritas India Pvt. Ltd.,https://www.bureauveritas.co.in,"Mumbai, India",India,,,,,,Verra VCS; Gold Standard,VCS; Gold Standard,Verra VCS; Gold Standard,India,,Bureau Veritas India is the Indian subsidiary of Bureau Veritas providing Verra VCS and Gold Standard carbon offset verification services.,"Bureau Veritas India (Bureau Veritas India Pvt. Ltd.) is a carbon/GHG verification body, headquartered in Mumbai, India. Accredited by Verra VCS, Gold Standard. Verifies against VCS, Gold Standard. Active in programs: Verra VCS, Gold Standard. Coverage: India.",0.542,medium,https://www.bureauveritas.co.in,2026-02-24
132,SGS India,SGS India Pvt. Ltd.,https://www.sgs.com,"Mumbai, India",India,,,,,,Verra VCS; ISCC,VCS; ISCC,Verra VCS; ISCC,India,,SGS India is the Indian subsidiary of SGS providing Verra VCS and ISCC verification and certification services.,"SGS India (SGS India Pvt. Ltd.) is a carbon/GHG verification body, headquartered in Mumbai, India. Accredited by Verra VCS, ISCC. Verifies against VCS, ISCC. Active in programs: Verra VCS, ISCC. Coverage: India.",0.542,medium,https://www.sgs.com,2026-02-24
133,DNV Business Assurance India,DNV Business Assurance India Pvt. Ltd.,https://www.dnv.com,"Noida, India",India,,,,,,Verra VCS; ISCC,VCS; ISCC,Verra VCS; ISCC,India,,DNV Business Assurance India is the Indian subsidiary of DNV providing Verra VCS and ISCC verification and certification services.,"DNV Business Assurance India (DNV Business Assurance India Pvt. Ltd.) is a carbon/GHG verification body, headquartered in Noida, India. Accredited by Verra VCS, ISCC. Verifies against VCS, ISCC. Active in programs: Verra VCS, ISCC. Coverage: India.",0.542,medium,https://www.dnv.com,2026-02-24
